Workbook

Sheet MATRIZ
A1: TRADE | B1: MARCA/SEGMENTO | C1: NOMBRE CAMPAÑA AGRUPADA VISIBILITY | D1: FECHA DE INICIO CAMPAÑA | E1: FECHA MÁX. IMPLEMENTACIÓN | F1: FECHA DE TERMINO CAMPAÑA | G1: FECHA DE TERMINO IMPLEMENTACION | H1: NOMBRE CAMPAÑA INDIVIDUAL VISIBILITY | I1: ID
A2: Carmen Contardo | D2: 44965 | F2: 45024 | G2: 45024 | H2: W02 JUMBO STOPPER 20X50 BANDEO NIDO 1+
A3: Carmen Contardo | D3: 44965 | F3: 45024 | G3: 45024 | H3: W02 SISA STOPPER 20X50 BANDEO NIDO 1+
A4: Carmen Contardo | C4: CAVERNICOLAS | D4: 44942 | F4: 45012 | G4: 45012 | H4: W02 JUMBO CAVERNICOLAS FLEJERA + STOPPER + VIBRIN
A5: Carmen Contardo | C5: CAVERNICOLAS | D5: 44942 | F5: 45012 | G5: 45012 | H5: W02 JUMBO CAVERNICOLAS FLEJERA + STOPPER + VIBRIN
A6: Carmen Contardo | C6: CAVERNICOLAS | D6: 44942 | F6: 45012 | G6: 45012 | H6: W02 JUMBO CAVERNICOLAS FLEJERA + STOPPER + VIBRIN
A7: Carmen Contardo | C7: CAVERNICOLAS | D7: 44942 | F7: 45012 | G7: 45012 | H7: W02 SISA CAVERNICOLAS FLEJERA + STOPPER + VIBRIN
A8: Carmen Contardo | C8: CAVERNICOLAS | D8: 44942 | F8: 45012 | G8: 45012 | H8: W02 SISA CAVERNICOLAS FLEJERA + STOPPER + VIBRIN
A9: Carmen Contardo | C9: CAVERNICOLAS | D9: 44942 | F9: 45012 | G9: 45012 | H9: W02 SISA CAVERNICOLAS FLEJERA + STOPPER + VIBRIN
A10: Carmen Contardo | C10: CAVERNICOLAS | D10: 44942 | F10: 45012 | G10: 45012 | H10: W02 SSRR CAVERNICOLAS FLEJERA + STOPPER + VIBRIN
A11: Carmen Contardo | C11: CAVERNICOLAS | D11: 44942 | F11: 45012 | G11: 45012 | H11: W02 SSRR CAVERNICOLAS FLEJERA + STOPPER + VIBRIN
A12: Carmen Contardo | C12: CAVERNICOLAS | D12: 44942 | F12: 45012 | G12: 45012 | H12: W02 SSRR CAVERNICOLAS FLEJERA + STOPPER + VIBRIN
A13: Roberto Machuca | C13: PASCUA 2023 | D13: 44958 | F13: 45025 | G13: 45025 | H13: W05 TOTTUS PASCUA 2023 - MUEBLE
A14: Roberto Machuca | C14: PASCUA 2023 | D14: 44963 | F14: 45025 | G14: 45025 | H14: W05 ALVI PASCUA 2023 - MUEBLE
A15: Carmen Contardo | C15: BTS | D15: 44972 | F15: 45008 | G15: 45008 | H15: W05 LIDER - LIDER EXPRESS MILO BTS REVESTIMIENTOS + CABECERAS
... A17: Carmen Contardo | C17: BTS | D17: 44978 | F17: 45012 | G17: 45012 | H17: W05 SISA MILO BTS BOMBILLIN MILO TRENCITO
A18: Rosario Larrain | D18: 44972 | F18: 45008 | G18: 45008 | H18: W07 LIDER PAYLOADER CALDO PACK
A19: Rosario Larrain | D19: 44972 | F19: 45008 | G19: 45008 | H19: W07 LIDER STICKERS 2X1000
A20: Rosario Larrain | D20: 44972 | F20: 45008 | G20: 45008 | H20: W07 ACUENTA PAYLOADER GENERICO 5 BANDEJAS +
A21: Rosario Larrain | D21: 44972 | F21: 45008 | G21: 45008 | H21: W07 ACUENTA GRAFICA NESCAFE 3N EN 1 Y MIXES
A22: Rosario Larrain | D22: 44978 | F22: 45012 | G22: 45012 | H22: W05 LIDER PAYLOADER PARA TODO LO RICO
A23: Rosario Larrain | D23: 44978 | F23: 45012 | G23: 45012 | H23: W05 SISA PAYLOADER CALDO PACK
A24: Rosario Larrain | D24: 44972 | F24: 45008 | G24: 45008 | H24: W06 ACUENTA REVESTIMIENTO ISLA MANJAR
A25: Rosario Larrain | D25: 44972 | F25: 45008 | G25: 45008 | H25: W06 LIDER REVESTIMIENTO ISLA MANJAR
A26: Rosario Larrain | D26: 44972 | F26: 45008 | G26: 45008 | H26: W06 LIDER EXPRESS REVESTIMIENTO CABECERA CAFE
A27: Rosario Larrain | D27: 44972 | F27: 45008 | G27: 45008 | H27: W06 ACUENTA REVESTIMIENTO CABECERA E ISLA CAFE
A28: Rosario Larrain | D28: 44972 | F28: 45008 | G28: 45008 | H28: W06 LIDER REVESTIMIENTO CABECERA E ISLA CAFE
A29: Roberto Machuca | C29: PASCUA 2023 | D29: 44972 | F29: 45025 | G29: 45025 | H29: W06 MAYORISTA 10 PASCUA 2023 - BOTADERO + MUEBLE PAYLOADEAR
A30: Roberto Machuca | C30: PASCUA 2023 | D30: 44972 | F30: 45025 | G30: 45025 | H30: W06 UNIMARC PASCUA 2023 - BOTADERO + MUEBLE PAYLOADEAR
A31: Roberto Machuca | C31: PASCUA 2023 | D31: 44972 | F31: 45025 | G31: 45025 | H31: W06 SSRR PASCUA 2023 - BOTADERO + MUEBLE PAYLOADEAR
A32: Roberto Machuca | C32: PASCUA 2023 | D32: 44984 | F32: 45025 | G32: 45025 | H32: W07 SSRR PASCUA 2023 - MUEBLE PAYLOADEAR TRENCITO
A33: Roberto Machuca | C33: PASCUA 2023 | D33: 44984 | F33: 45025 | G33: 45025 | H33: W06 SMU PASCUA 2023 - MUEBLES QW
A34: Roberto Machuca | C34: PASCUA 2023 | D34: 44984 | F34: 45025 | G34: 45025 | H34: W06 TOTTUS PASCUA 2023 - MUEBLES QW
A35: Roberto Machuca | C35: PASCUA 2023 | D35: 44999 | F35: 45025 | G35: 45025 | H35: W07 JUMBO PASCUA 2023 - MUEBLE EXHIBICION MEDIO + COMPLETO
A36: Andrea Gonzalez | D36: 45007 | F36: 45040 | G36: 45020 | H36: W12 ALVI - CUBREPALLET GRILL
A37: Carmen Contardo | D37: 45019 | F37: 45080 | G37: 45030 | H37: W14 SSRR - MOUSSE
A38: Roberto Machuca | C38: PASCUA 2023 | D38: 44999 | F38: 45025 | G38: 45012 | H38: W11 SISA PASCUA 2023 - EXHIBIDORES + BOTADEROS
A39: Carmen Contardo | C39: BTS PIXAR | D39: 45017 | F39: 45046 | G39: 45030 | H39: W13 SISA - BTS PIXAR
A40: Carmen Contardo | C40: BTS PIXAR | D40: 45017 | F40: 45046 | G40: 45030 | H40: W13 JUMBO - BTS PIXAR
A41: Carmen Contardo | C41: BTS PIXAR | D41: 45013 | F41: 45040 | G41: 45026 | H41: W13 SSRR - BTS PIXAR
A42: Rosario Larrain | D42: 45007 | F42: 45034 | G42: 45020 | H42: W12 UNIMARC - CATALOGO MARZO GANCHERA CALDO PACK
A43: Roberto Machuca | C43: PASCUA 2023 | D43: 44999 | F43: 45025 | G43: 45023 | H43: W12 WALMART PASCUA 2023 - MUEBLE PAYLOADEAR TRENCITO QW
A44: Carmen Contardo | C44: NIDO TRANSFORMACION | D44: 45019 | G44: 45030 | H44: W13 SSRR - NIDO TRANSFORMACION (VIBRIN - FLEJERA - MARCO PRECIO - PENDON)
A45: Carmen Contardo | C45: NIDO TRANSFORMACION | D45: 45019 | G45: 45030 | H45: W13 SSRR - NIDO TRANSFORMACION (PREMIO BICICLETA ARO 20)
A46: Carmen Contardo | C46: NIDO TRANSFORMACION | D46: 45035 | F46: 45062 | G46: 45049 | H46: W13 UNIMARC - NIDO TRANSFORMACION (STOPPER VIBRIN CABECERA)
A47: Carmen Contardo | C47: NIDO TRANSFORMACION | D47: 45009 | F47: 45035 | G47: 45029 | H47: W13 WALMART - NIDO TRANSFORMACION (CABECERA WM HIPER (SEMI) - ISLA WM EXPRESS (SEMI) - MARCO PRECIO WM (SEMI) - STOPPER
A48: Carmen Contardo | C48: NIDO TRANSFORMACION | D48: 45013 | F48: 45040 | G48: 45029 | H48: W13 SISA - NIDO TRANSFORMACION (FLEJERA - MARCO PRECIO - STOPPER - VIBRIN)
A49: Carmen Contardo | C49: NIDO TRANSFORMACION | D49: 45013 | F49: 45040 | G49: 45029 | H49: W13 JUMBO - NIDO TRANSFORMACION (FLEJERA - MARCO PRECIO - STOPPER - VIBRIN)
A50: Rosario Larrain | C50: FDS ABRIL | D50: 45004 | F50: 45038 | G50: 45029 | H50: W13 LIDER - FDS ABRIL (STOPPER 12X20 WM BEBIDA VEGETAL COCO PROTEINA)
A51: Rosario Larrain | C51: FDS ABRIL | D51: 45004 | F51: 45038 | G51: 45029 | H51: W13 JUMBO - FDS ABRIL (STOPPER 20X50 + VIBRIN BEBIDA VEGETAL ALMENDRA COCO PROTEINA)
A52: Rosario Larrain | C52: CATALOGO ABRIL | D52: 45021 | F52: 45107 | G52: 45040 | H52: W14 JUMBO - CATALOGO ABRIL CAFÉ
A53: Rosario Larrain | C53: LANZAMIENTO TÉ | D53: 45017 | F53: 45077 | G53: 45040 | H53: W14 JUMBO - LANZAMIENTO TÉ
A54: Rosario Larrain | C54: LANZAMIENTO TÉ | D54: 45036 | F54: 45070 | G54: 45050 | H54: W14 WALMART - LANZAMIENTO TÉ
A55: Andrea Gonzalez | C55: PAYLOADER CHOCOLATES | D55: 45036 | F55: 45070 | G55: 45050 | H55: W14 WALMART - PAYLOADER SAHNE NUSS + TRENCITO
A56: Rosario Larrain | C56: LISTA 5 | D56: 45036 | F56: 45070 | G56: 45050 | H56: W15 LIDER - LISTA 5 (PAYLOADER GENERICO)
A57: Rosario Larrain | C57: NIDO TRANSFORMACION | D57: 45040 | F57: 45047 | G57: 45047 | H57: W15 SISA - TACTICO ABRIL (ESQUINEROS NIDO TRANSFORMACION)
... A90: Andrea Gonzalez | C90: CENTELLA | D90: 45075 | F90: 45107 | G90: 45090 | H90: SSRR POP CENTELLA (VIBRIN - STOPPER NORMAL - MARCO PRECIO - BANDEJAS EN L - CHUPON - LOMO NAVE)
A91: Rosario Larrain | D91: 45071 | F91: 45098 | G91: 45086 | H91: W20 WALMART - LISTA 6 MILO - PAYLOADER GENERICO
A92: Andrea Gonzalez | D92: 45071 | F92: 45098 | G92: 45086 | H92: W20 WALMART - POP SAHNE NUSS - PAYLOADERS SAHNE NUSS L6
A93: Rosario Larrain | C93: NESCAFE | D93: 45076 | F93: 45103 | G93: 45091 | H93: W21 JUMBO - NESCAFE- (VIBRIN 15X15 CENCOSUD - MARCO DE PRECIO CENCOSUD - STOPPER 20X50 CENCOSUD)
A94: Rosario Larrain | C94: NESCAFE | D94: 45076 | F94: 45103 | G94: 45091 | H94: W21 SISA - NESCAFE- (VIBRIN 15X15 CENCOSUD - ESQUINEROS - MARCO DE PRECIO CENCOSUD - STOPPER 20X50 CENCOSUD)
A95: Rosario Larrain | C95: NESCAFE | D95: 45071 | F95: 45098 | G95: 45086 | H95: W22 SSRR - UMBRELLA LLCC (MARCO DE PRECIO GENÉRICO CON QR - STOPPER GENÉRICO CON QR - VIBRIN CON QR - PAYLOADER CON QR -
A96: Rosario Larrain | C96: NESCAFE | D96: 45071 | F96: 45098 | G96: 45086 | H96: W21 HIPER LIDER - NESCAFE- (REV. ISLA LIDER - MARCO DE PRECIO WM - STOPPER 12X20 LIDER)
A97: Rosario Larrain | C97: NESCAFE | D97: 45071 | F97: 45098 | G97: 45086 | H97: W21 LIDER EXPRESS - NESCAFE- (MARCO DE PRECIO WM - REV. CABECERA LIDER - STOPPER 12X20 LIDER)
A98: Rosario Larrain | C98: NESCAFE | D98: 45071 | F98: 45098 | G98: 45086 | H98: W21 ACUENTA - NESCAFE- (MARCO DE PRECIO WM - STOPPER 12X20 LIDER)
A99: Rosario Larrain | C99: NESCAFE | D99: 45071 | F99: 45098 | G99: 45086 | H99: W21 EKONO - NESCAFE- (REV. CABECERA LIDER - MARCO DE PRECIO WM - STOPPER 12X20 LIDER)
A100: Rosario Larrain | C100: NESCAFE | D100: 45071 | F100: 45098 | G100: 45086 | H100: W21 SSRR - NESCAFE- (MARCO DE PRECIO CON QR - PAYLOADER CON QR - STOPPER GENÉRICO CON QR - VIBRIN CON QR - REV. CABECERA
A101: Antonia Sanchez | C101: LANZAMIENTO QUINOA | D101: 45097 | F101: 45126 | G101: 45112 | H101: W25 HIPER LIDER - LANZAMIENTO QUINOA NESTUM - (MARCO DE PRECIO QUINOA 12X12 - STOPPER QUINOA 12x20)
A102: Antonia Sanchez | C102: LANZAMIENTO QUINOA | D102: 45097 | F102: 45126 | G102: 45112 | H102: W25 LIDER EXPRESS - LANZAMIENTO QUINOA NESTUM - (MARCO DE PRECIO QUINOA 12X12 - STOPPER QUINOA 12x20)
A103: Andrea Gonzalez | C103: SAHNE NUSS CARTELERIA | D103: 45071 | F103: 45098 | G103: 45086 | H103: W22 SISA - SAHNE NUSS- CARTELERIA
A104: Andrea Gonzalez | C104: CARTELERIA SAHNE NUSS | D104: 45089 | F104: 45118 | G104: 45104 | H104: W22 SISA - CARTELERIA SAHNE NUSS - CARTELERIA
... A196: Andrea Gonzalez | C196: TRENCITO | D196: 45134 | F196: 45154 | G196: 45149 | H196: W30 LIDER EXPRESS - TRENCITO (BOTADEROS)
A197: Andrea Gonzalez | C197: TRENCITO | H197: W30 SSRR - TRENCITO (STOPPER GIRATORIO - MARCO PRECIO - BANDEJAS EN L - VIBRIN)
A198: Andrea Gonzalez | C198: TRENCITO | H198: W30 SSRR - TRENCITO (REVESTIMIENTO CABECERA)
A199: Andrea Gonzalez | C199: TRENCITO | H199: W30 SSRR - TRENCITO (ARCO BOTADERO)
A200: Andrea Gonzalez | C200: TRENCITO | H200: W30 SSRR - TRENCITO (PAYLOADER)
A201: Andrea Gonzalez | C201: TRENCITO | D201: 45134 | F201: 45154 | G201: 45149 | H201: W30 HIPER LIDER - TRITON (STOPPER - MARCO PRECIO - BANDEJA EN L)
A202: Andrea Gonzalez | C202: TRENCITO | D202: 45134 | F202: 45154 | G202: 45149 | H202: W30 LIDER EXPRESS - TRITON (STOPPER - MARCO PRECIO - BANDEJA EN L)
A203: Andrea Gonzalez | C203: TRENCITO | D203: 45134 | F203: 45154 | G203: 45149 | H203: W30 LIDER EXPRESS - TRITON (REVESTIMIENTO CABECERA)
A204: Antonia Sanchez | C204: LANZAMIENTO ASCENDA | D204: 45117 | F204: 45209 | G204: 45132 | H204: W28 JUMBO - NUEVA FORMULA ASCENDA (STOPPERS - MARCO DE PRECIOS - VIDRIN)
A205: Antonia Sanchez | C205: APOYO NIDO 1+ | D205: 45155 | F205: 45189 | G205: 45170 | H205: W33 HIPER LIDER - NIDO 1+ INGREDIENTES (STOPPERS - MARCO DE PRECIOS - VIDRIN)
A206: Antonia Sanchez | C206: APOYO NIDO 1+ | D206: 45155 | F206: 45189 | G206: 45170 | H206: W33 LIDER EXPRESS - NIDO 1+ INGREDIENTES (STOPPERS - MARCO DE PRECIOS - VIDRIN)
A207: Antonia Sanchez | C207: CHANDELLE IN & OUT | D207: 45097 | F207: 45126 | G207: 45112 | H207: W25 SSRR - CHANDELLE CHOCOLATE NARANAJA Y SUSPIRO LIMON (MARCO PRECIO)
A208: Antonia Sanchez | C208: LANZAMIENTO CHAMYTO SIN AZUCAR | D208: 45127 | F208: 45166 | G208: 45142 | H208: W25 SSRR - NUEVO YOGURT CHAMYTO SIN AZUCAR (STOPPER - MARCO PRECIO - FLEJERA EN L - POSTER - VIDRIN)
A209: Andrea Gonzalez | C209: MES DE LA DULZURA | H209: W SSRR - ISLAS MES DE LA DULZURA (ISLA 100 X 120 - ISLA 120 X 120)
A210: Andrea Gonzalez | C210: GRILL | D210: 45155 | F210: 45189 | G210: 45170 | H210: W33 HIPER LIDER - GRILL (MUEBLE GRILL)
A211: Andrea Gonzalez | C211: KUKY BIPACK TRITON | D211: 45161 | F211: 45181 | G211: 45176 | H211: W34 UNIMARC - KUKY BIPACK TRITON (CUBREPALLET)
A212: Andrea Gonzalez | C212: SAHNE NUSS VARIEDADES | D212: 45148 | F212: 45194 | G212: 45167 | H212: W34 JUMBO - SAHNE NUSS VARIEDADES (VIBRIN - MARCO PRECIO - STOPPER GIRATORIO - BANDEJA EN L)
A213: Andrea Gonzalez | C213: SAHNE NUSS VARIEDADES | D213: 45155 | F213: 45189 | G213: 45170 | H213: W34 HIPER LIDER - SAHNE NUSS VARIEDADES (MARCO PRECIO - STOPPER GIRATORIO - BANDEJA EN L)
A214: Andrea Gonzalez | C214: SAHNE NUSS VARIEDADES | D214: 45155 | F214: 45189 | G214: 45170 | H214: W34 HIPER LIDER - SAHNE NUSS VARIEDADES (PAYLOADERS)
A215: Antonia Sanchez | C215: DULCE CHILENIDAD | D215: 45153 | F215: 45199 | G215: 45168 | H215: W33 SSRR - HOJARASCA (MARCOS DE PRECIOS GENERICO 10X12 - STOPPER GENERICO 15X30 - VIDRIN GENERICO 15X15)
A216: Antonia Sanchez | C216: DULCE CHILENIDAD | D216: 45153 | F216: 45199 | G216: 45168 | H216: W33 SSRR - HOJARASCA (CUBRE PALLET GENERICO 120X100X100)
A217: Antonia Sanchez | C217: CAMPAÑA TAPITAS EN WM | D217: 45163 | F217: 45189 | G217: 45178 | H217: W34 HIPER LIDER - TAPITAS CON MI CLUB LIDER (MARCO DE PRECIOS 12X20 - STOPPER 12X20)
A218: Antonia Sanchez | C218: CAMPAÑA TAPITAS EN WM | D218: 45163 | F218: 45189 | G218: 45178 | H218: W34 HIPER LIDER - TAPITAS CON MI CLUB LIDER (REVESTIMIENTO LATERAL DE CABECERA 45X160)
A219: Antonia Sanchez | C219: CAMPAÑA TAPITAS EN WM | D219: 45163 | F219: 45189 | G219: 45178 | H219: W34 LIDER EXPRESS - TAPITAS CON MI CLUB LIDER (MARCO DE PRECIOS 12X20 - STOPPER 12X20)
A220: Roberto Machuca | C220: KI T KAT VAC | D220: 45152 | F220: 45158 | G220: 45171 | H220: W33 OXXO - SOBRE MESON KIT KAT
A221: Andrea Gonzalez | C221: #REF! | D221: 45181 | F221: 45210 | G221: 45196 | H221: W37 SISA - FLEJERAS CHOC CHECK OUT (FLEJERAS CHECK OUT)
A222: Andrea Gonzalez | C222: MES DE LA DULZURA | D222: 45076 | F222: 45107 | G222: 45091 | H222: W22 SSRR - MES DE LA DULZURA SSRR (ISLA 100 X 120 - ISLA 120 X 120)
A223: Andrea Gonzalez | C223: MES DE LA DULZURA | D223: 45076 | F223: 45107 | G223: 45091 | H223: W22 SSRR - MES DE LA DULZURA SSRR (ISLA 100 X 120 - ISLA 120 X 120)
A224: Andrea Gonzalez | C224: #REF! | D224: 45155 | F224: 45189 | G224: 45170 | H224: W33 ACUENTA - CUBREPALLETS MOROCHA CRUNCHY (CUBREPALLETS)
...

Sheet Hoja2
G1: TRADE | I1: ID | L1: ID | M1: NOMBRE | P1: MARCA/SEGMENTO | Q1: id
G2: Amanda Diaz | H2: =UPPER(G2) -> AMANDA DIAZ | I2: =_xlfn.XLOOKUP(H2,M:M,L:L) -> 1 | L2: 1 | M2: AMANDA DIAZ | P2: Chocolates | Q2: =_xlfn.XLOOKUP(P2,T:T,S:S) -> 3
G3: Joaquin Marzan | H3: =UPPER(G3) -> JOAQUIN MARZAN | I3: =_xlfn.XLOOKUP(H3,M:M,L:L) -> 2 | L3: 2 | M3: JOAQUIN MARZAN | P3: Onefood | Q3: =_xlfn.XLOOKUP(P3,T:T,S:S) -> 4 | S3: 1 | T3: JUGUETERIA | U3: GENERALMENTE ASOCIADO A HASBRO | V3: 1 | W3: 46205.596 | X3: 46205.596
G4: Maria Emilia Fuenzalida | H4: =UPPER(G4) -> MARIA EMILIA FUENZALIDA | I4: =_xlfn.XLOOKUP(H4,M:M,L:L) -> 3 | L4: 3 | M4: MARIA EMILIA FUENZALIDA | P4: Galletas | Q4: =_xlfn.XLOOKUP(P4,T:T,S:S) -> 5 | S4: 2 | T4: LIMPIEZA | U4: ASOCIADO A MATERIAL DE HIGIENE | V4: 1 | W4: 46205.597 | X4: 46205.597
G5: Emilia Fuenzalida | H5: =UPPER(G5) -> EMILIA FUENZALIDA | I5: =_xlfn.XLOOKUP(H5,M:M,L:L) -> 4 | L5: 4 | M5: EMILIA FUENZALIDA | P5: Nutrición | Q5: 6 | S5: 3 | T5: CHOCOLATES | V5: 1 | W5: 46205.613 | X5: 46205.613
G6: Maria Ignacia Ariztia | H6: =UPPER(G6) -> MARIA IGNACIA ARIZTIA | I6: =_xlfn.XLOOKUP(H6,M:M,L:L) -> 5 | L6: 5 | M6: MARIA IGNACIA ARIZTIA | P6: Helados | Q6: =_xlfn.XLOOKUP(P6,T:T,S:S) -> 7 | S6: 4 | T6: ONEFOOD | V6: 1 | W6: 46205.613 | X6: 46205.613
G7: Francisco Jordan | H7: =UPPER(G7) -> FRANCISCO JORDAN | I7: =_xlfn.XLOOKUP(H7,M:M,L:L) -> 6 | L7: 6 | M7: FRANCISCO JORDAN | P7: Multicategoria | Q7: =_xlfn.XLOOKUP(P7,T:T,S:S) -> 8 | S7: 5 | T7: GALLETAS | V7: 1 | W7: 46205.613 | X7: 46205.613
P8: LLCC | Q8: =_xlfn.XLOOKUP(P8,T:T,S:S) -> 9 | S8: 6 | T8: NUTRICION | V8: 1 | W8: 46205.613 | X8: 46205.613
P9: CAFÉ | Q9: 10 | S9: 7 | T9: HELADOS | V9: 1 | W9: 46205.613 | X9: 46205.613
P10: Culinarios | Q10: =_xlfn.XLOOKUP(P10,T:T,S:S) -> 11 | S10: 8 | T10: MULTICATEGORIA | V10: 1 | W10: 46205.613 | X10: 46205.613
P11: Yogur Batido Nestlé | Q11: 12 | S11: 9 | T11: LLCC | V11: 1 | W11: 46205.613 | X11: 46205.613
P12: Mixes | Q12: =_xlfn.XLOOKUP(P12,T:T,S:S) -> 13 | S12: 10 | T12: CAFE | V12: 1 | W12: 46205.613 | X12: 46205.613
P13: Refrigerados | Q13: =_xlfn.XLOOKUP(P13,T:T,S:S) -> 14 | S13: 11 | T13: CULINARIOS | V13: 1 | W13: 46205.613 | X13: 46205.613
P14: Maggi | Q14: =_xlfn.XLOOKUP(P14,T:T,S:S) -> 15 | S14: 12 | T14: YOGUR BATIDO NESTLE | V14: 1 | W14: 46205.614 | X14: 46205.614
S15: 13 | T15: MIXES | V15: 1 | W15: 46205.614 | X15: 46205.614
S16: 14 | T16: REFRIGERADOS | V16: 1 | W16: 46205.616 | X16: 46205.616
S17: 15 | T17: MAGGI | V17: 1 | W17: 46205.616 | X17: 46205.616

Sheet AGRUPADO
A1: NOMBRE CAMPAÑA VISIBILITY | B1: NOMBRE CAMPAÑA AGRUPADA
A2: W47 UNIMARC - BOTADEROS MCKAY (BOTADERO) | B2: GALLETAS MCKAY BOTADERO
A3: W46 HIPER LIDER - HOTSPOT TRENCITO BAÑADA (HOTSPOT) | B3: GALLETA TRENCITO BAÑADA
A4: W46 MAYORISTA 10 - MUEBLES GALLETAS NAVIDAD (PAYLOADERS) | B4: GALLETAS NAVIDAD
A5: W46 UNIMARC - MUEBLES NAVIDAD (PAYLOADERS) | B5: GALLETAS NAVIDAD
A6: W47 HIPER LIDER - POP NIDO TRANSFORMACIÓN (STOPPER) | B6: NIDO TRANSFORMACION
A7: W47 LIDER EXPRESS - POP NIDO TRANSFORMACIÓN (STOPPER) | B7: NIDO TRANSFORMACION
A8: W47 UNIMARC - POP NIDO TRANSFORMACIÓN (STOPPER) | B8: NIDO TRANSFORMACION
A9: W48 JUMBO - POP NIDO TRANSFORMACIÓN (FLEJERA L) | B9: NIDO TRANSFORMACION
A10: W48 JUMBO - POP NIDO TRANSFORMACIÓN (STOPPER VIBRIN) | B10: NIDO TRANSFORMACION
A11: W48 SISA - POP NIDO TRANSFORMACIÓN (FLEJERA L) | B11: NIDO TRANSFORMACION
A12: W48 SISA - POP NIDO TRANSFORMACIÓN (STOPPER VIBRIN) | B12: NIDO TRANSFORMACION
... A139: W9 SISA - PAYLOADERS MAGGI (PAYLOADER) | B139: MAGGI
A140: ='[1]PANEL DE CONTROL'!R650 -> W8 FARMACIA INDEPENDIENTE - MATERIAL (PAYLOADER) | B140: FARMACIA INDEPENDIENTE
A141: ='[1]PANEL DE CONTROL'!R651 -> W8 FARMACIA INDEPENDIENTE - MATERIAL (ANTIBRECHA) | B141: FARMACIA INDEPENDIENTE
A142: ='[1]PANEL DE CONTROL'!R652 -> W8 FARMACIA INDEPENDIENTE - MATERIAL (DESCOLOCADOR DE ALARMAS) | B142: FARMACIA INDEPENDIENTE
A143: ='[1]PANEL DE CONTROL'!R653 -> W8 FARMACIA INDEPENDIENTE - MATERIAL (ALARMAS) | B143: FARMACIA INDEPENDIENTE
A144: ='[1]PANEL DE CONTROL'!R654 -> W9 HIPER LIDER - LISTA 2 PAYLOADER TRENCITO SN(PAYLOADER) | B144: LISTA 2 TRENCITO SN
A145: ='[1]PANEL DE CONTROL'!R655 -> W9 LIDER EXPRESS - LISTA 2 PAYLOADER TRENCITO SN(PAYLOADER) | B145: LISTA 2 TRENCITO SN
A146: ='[1]PANEL DE CONTROL'!R656 -> W7 HIPER LIDER - NIDO BTS (REVESTIMIENTO) | B146: NIDO BTS
A147: ='[1]PANEL DE CONTROL'!R657 -> W7 HIPER LIDER - NIDO BTS (PAYLOADER) | B147: NIDO BTS
A148: ='[1]PANEL DE CONTROL'!R658 -> W7 HIPER LIDER - NIDO BTS (STICKER QR) | B148: NIDO BTS
A149: ='[1]PANEL DE CONTROL'!R659 -> W7 LIDER EXPRESS - NIDO BTS (REVESTIMIENTO) | B149: NIDO BTS
A150: ='[1]PANEL DE CONTROL'!R660 -> W7 LIDER EXPRESS - NIDO BTS (STICKER QR) | B150: NIDO BTS
A151: ='[1]PANEL DE CONTROL'!R661 -> W9 SSRR - BICICLETAS Y MATERIAL PARA CONCURSO (BICICLETA) | B151: MILO CONCURSO
A152: ='[1]PANEL DE CONTROL'!R661 -> W9 SSRR - BICICLETAS Y MATERIAL PARA CONCURSO (BICICLETA) | B152: MILO CONCURSO
A153: ='[1]PANEL DE CONTROL'!R662 -> W9 SSRR - BICICLETAS Y MATERIAL PARA CONCURSO (REVESTIMIENTO ISLA) | B153: MILO CONCURSO
A154: ='[1]PANEL DE CONTROL'!R663 -> W9 SSRR - BICICLETAS Y MATERIAL PARA CONCURSO (REVESTIMIENTO LATERAL DE CABECERA) | B154: MILO CONCURSO
A155: ='[1]PANEL DE CONTROL'!R663 -> W9 SSRR - BICICLETAS Y MATERIAL PARA CONCURSO (REVESTIMIENTO LATERAL DE CABECERA) | B155: MILO CONCURSO
A156: ='[1]PANEL DE CONTROL'!R664 -> W9 SSRR - BICICLETAS Y MATERIAL PARA CONCURSO (STOPPER VIBRIN) | B156: MILO CONCURSO
A157: ='[1]PANEL DE CONTROL'!R665 -> W9 SSRR - BICICLETAS Y MATERIAL PARA CONCURSO (STOPPER VIBRIN) | B157: MILO CONCURSO
A158: ='[1]PANEL DE CONTROL'!R666 -> W9 SSRR - BICICLETAS Y MATERIAL PARA CONCURSO (BANDEJA EN L) | B158: MILO CONCURSO
A159: ='[1]PANEL DE CONTROL'!R667 -> W9 SSRR - BICICLETAS Y MATERIAL PARA CONCURSO (PENDON) | B159: MILO CONCURSO
A160: ='[1]PANEL DE CONTROL'!R668 -> W9 SSRR - BICICLETAS Y MATERIAL PARA CONCURSO (CUPONERA CONCURSO) | B160: MILO CONCURSO
A161: ='[1]PANEL DE CONTROL'!R669 -> W9 SSRR - BICICLETAS Y MATERIAL PARA CONCURSO (BUZON) | B161: MILO CONCURSO
A162: ='[1]PANEL DE CONTROL'!R670 -> W9 JUMBO - NESTLÉ PASCUA 2024(EXHIBICION COMPLETA) | B162: PASCUA 2024
A163: ='[1]PANEL DE CONTROL'!R671 -> W9 JUMBO - NESTLÉ PASCUA 2024(EXHIBICION MEDIA) | B163: PASCUA 2024
A164: ='[1]PANEL DE CONTROL'!R672 -> W9 TOTTUS - MATERIALES CERELAC (GANCHERA) | B164: CERELAC
A165: ='[1]PANEL DE CONTROL'!R673 -> W9 TOTTUS - MATERIALES CERELAC (BANDEJA) | B165: CERELAC
A166: ='[1]PANEL DE CONTROL'!R674 -> W11 HIPER LIDER - ISLAS NESTLÉ RENUEVA TU CASA (ISLA) | B166: RENUEVA TU CASA
... A181: ='[1]PANEL DE CONTROL'!R689 -> W12 SSRR - CORRIDA MILO TEMUCO (STOPPER VIBRIN) | B181: CORRIDA MILO TEMUCO
A182: ='[1]PANEL DE CONTROL'!R691 -> W8 HIPER LIDER - CORRIDA MILO TEMUCO (VIBRIN FLEJERA STOPPER) | B182: CORRIDA MILO TEMUCO
A183: ='[1]PANEL DE CONTROL'!R692 -> W8 HIPER LIDER - CORRIDA MILO TEMUCO (VIBRIN FLEJERA STOPPER) | B183: CORRIDA MILO TEMUCO
A184: ='[1]PANEL DE CONTROL'!R693 -> W8 LIDER EXPRESS - CORRIDA MILO TEMUCO (VIBRIN FLEJERA STOPPER) | B184: CORRIDA MILO TEMUCO
A185: ='[1]PANEL DE CONTROL'!R694 -> W8 LIDER EXPRESS - CORRIDA MILO TEMUCO (VIBRIN FLEJERA STOPPER) | B185: CORRIDA MILO TEMUCO
A186: ='[1]PANEL DE CONTROL'!R695 -> W8 LIDER EXPRESS - CORRIDA MILO TEMUCO (VIBRIN FLEJERA STOPPER) | B186: CORRIDA MILO TEMUCO
A187: ='[1]PANEL DE CONTROL'!R696 -> W8 JUMBO - CORRIDA MILO TEMUCO (VIBRIN FLEJERA STOPPER) | B187: CORRIDA MILO TEMUCO
A188: ='[1]PANEL DE CONTROL'!R697 -> W8 JUMBO - CORRIDA MILO TEMUCO (VIBRIN FLEJERA STOPPER) | B188: CORRIDA MILO TEMUCO
A189: ='[1]PANEL DE CONTROL'!R698 -> W8 JUMBO - CORRIDA MILO TEMUCO (VIBRIN FLEJERA STOPPER) | B189: CORRIDA MILO TEMUCO
A190: ='[1]PANEL DE CONTROL'!R699 -> W8 SISA - CORRIDA MILO TEMUCO (VIBRIN FLEJERA STOPPER) | B190: CORRIDA MILO TEMUCO
A191: ='[1]PANEL DE CONTROL'!R700 -> W8 SISA - CORRIDA MILO TEMUCO (VIBRIN FLEJERA STOPPER) | B191: CORRIDA MILO TEMUCO
A192: ='[1]PANEL DE CONTROL'!R701 -> W8 SISA - CORRIDA MILO TEMUCO (VIBRIN FLEJERA STOPPER) | B192: CORRIDA MILO TEMUCO
A193: ='[1]PANEL DE CONTROL'!R702 -> W8 UNIMARC - CORRIDA MILO TEMUCO (VIBRIN FLEJERA STOPPER) | B193: CORRIDA MILO TEMUCO
... A429: ='[1]PANEL DE CONTROL'!R938 -> W43 UNIMARC - CUBRE PALLETS KUKY (CUBREPALLET) | B429: APOYO CATALOGO 7 OFERTA
A430: ='[1]PANEL DE CONTROL'!R938 -> W43 UNIMARC - CUBRE PALLETS KUKY (CUBREPALLET) | B430: APOYO CATALOGO 7 OFERTA
A431: ='[1]PANEL DE CONTROL'!R939 -> W43 UNIMARC - CUBRE PALLETS CRIOLLITAS (CUBREPALLET) | B431: APOYO CATALOGO 7 OFERTA
A432: ='[1]PANEL DE CONTROL'!R940 -> W40 JUMBO - GANCHERAS MAGGI (GANCHERA) | B432: MAGGI
A433: ='[1]PANEL DE CONTROL'!R941 -> W40 JUMBO - GANCHERAS MAGGI (STICKER) | B433: MAGGI
A434: ='[1]PANEL DE CONTROL'!R942 -> W40 SISA - GANCHERAS MAGGI (GANCHERA STICKER QR) | B434: MAGGI
A435: ='[1]PANEL DE CONTROL'!R943 -> W40 SISA - GANCHERAS MAGGI (GANCHERA STICKER QR) | B435: MAGGI
A436: ='[1]PANEL DE CONTROL'!R944 -> W39 ALVI - HALLOWEEN (PEDESTAL) | B436: HALLOWEEN SMU
A437: ='[1]PANEL DE CONTROL'!R945 -> W39 ALVI - HALLOWEEN (BOTADERO) | B437: HALLOWEEN SMU
A438: ='[1]PANEL DE CONTROL'!R946 -> W39 MAYORISTA 10 - HALLOWEEN (BOTADERO) | B438: HALLOWEEN SMU
A439: ='[1]PANEL DE CONTROL'!R947 -> W39 SUPER 10 - HALLOWEEN (BOTADERO) | B439: HALLOWEEN SMU
A440: ='[1]PANEL DE CONTROL'!R948 -> W39 UNIMARC - HALLOWEEN (PEDESTAL) | B440: HALLOWEEN SMU
A441: ='[1]PANEL DE CONTROL'!R949 -> W39 UNIMARC - HALLOWEEN (BOTADERO) | B441: HALLOWEEN SMU
... A583: ='[1]PANEL DE CONTROL'!R1091 -> W12 SSRR - PASCUA (PAYLOADER Y REVESTIMIENTO TRENCITO PASCUA) | B583: PASCUA SSRR 2025
A584: ='[1]PANEL DE CONTROL'!#REF! -> #REF! | B584: PASCUA SSRR 2025
A585: ='[1]PANEL DE CONTROL'!R1092 -> W13 HIPER LIDER - METRO REVESTIMIENTO CABECERA (REVESTIMIENTO CABECERA SAHNE NUSS) | B585: EQUITY SAHNE NUSS WM
A586: ='[1]PANEL DE CONTROL'!R1093 -> W13 HIPER LIDER - METRO TREND SAHNE NUSS (METRO TREND SAHNE NUSS) | B586: EQUITY SAHNE NUSS WM
A587: ='[1]PANEL DE CONTROL'!R1094 -> W13 HIPER LIDER - METRO TREND SAHNE NUSS (FLEJERA SAHNE NUSS) | B587: EQUITY SAHNE NUSS WM
A588: ='[1]PANEL DE CONTROL'!R1095 -> W13 LIDER EXPRESS - METRO TREND SAHNE NUSS (METRO TREND SAHNE NUSS) | B588: EQUITY SAHNE NUSS WM
A589: ='[1]PANEL DE CONTROL'!R1096 -> W13 LIDER EXPRESS - METRO TREND SAHNE NUSS (FLEJERA SAHNE NUSS) | B589: EQUITY SAHNE NUSS WM
A590: ='[1]PANEL DE CONTROL'!R1097 -> W13 HIPER LIDER - STOPPER XL SAHNE NUSS (STOPPER SAHNE NUSS) | B590: EQUITY SAHNE NUSS WM
A591: ='[1]PANEL DE CONTROL'!R1098 -> W13 LIDER EXPRESS - STOPPER XL SAHNE NUSS (STOPPER SAHNE NUSS) | B591: EQUITY SAHNE NUSS WM
A592: ='[1]PANEL DE CONTROL'!R1099 -> W13 JUMBO - GANCHERA SAHNE NUSS (GANCHERA SAHNE NUSS ANTIBRECHA) | B592: EQUITY SAHNE NUSS CENCO
A593: ='[1]PANEL DE CONTROL'!R1100 -> W13 SISA - PAYLOADER SAHNE NUSS (PAYLOADERS SAHNE NUSS) | B593: EQUITY SAHNE NUSS CENCO
A594: ='[1]PANEL DE CONTROL'!R1101 -> W13 JUMBO - GANCHERA RINDE CARNE MAGGI (GANCHERA) | B594: MAGGI RINDE CARNE
A595: ='[1]PANEL DE CONTROL'!R1102 -> W13 SISA - GANCHERA RINDE CARNE MAGGI (GANCHERA) | B595: GANCHERAS RINDE CARNE
A596: ='[1]PANEL DE CONTROL'!R1103 -> W15 SSRR - RECETAS NESTLÉ(ISLA MAGGI ISLA TRITON ISLA MANJAR) | B596: ISLA RECETAS NESTLÉ
... A705: ='[1]PANEL DE CONTROL'!R1212 -> W35 TOTTUS - PLAN PIÑA (CENEFA MUEBLE FRIO) | B705: PLAN PIÑA
A706: ='[1]PANEL DE CONTROL'!R1213 -> CAMPAÑA RETIRO - SAHNE NUSS HIPER LIDER DETALLE (ISLA) AGOSTO 2025
A707: ='[1]PANEL DE CONTROL'!R1214 -> CAMPAÑA RETIRO - MCKAY HIPER LIDER DETALLE (ISLA) AGOSTO 2025
A708: ='[1]PANEL DE CONTROL'!R1215 -> CAMPAÑA RETIRO - TRENCITO TOTTUS (ISLA) SEPTIEMBRE 2025
A709: ='[1]PANEL DE CONTROL'!R1216 -> W37 TOTTUS - CAMPAÑA PAYLOADER CULINARIOS (PAYLOADER) | B709: MAGGI
A710: ='[1]PANEL DE CONTROL'!R1217 -> W36 SSRR - CAMPAÑA ISLAS MANJAR (ISLA) | B710: MANJAR NESTLE
A711: ='[1]PANEL DE CONTROL'!R1218 -> W36 SSRR - CAMPAÑA ISLAS MANJAR (GRAFICA ISLA) | B711: MANJAR NESTLE
A712: ='[1]PANEL DE CONTROL'!R1219 -> W40 JUMBO - CAMPAÑAS GOODNES (VIBRIN COLGANTE) | B712: GOODNES
A713: ='[1]PANEL DE CONTROL'!R1220 -> W40 SISA - CAMPAÑAS GOODNES (VIBRIN COLGANTE) | B713: GOODNES
A714: ='[1]PANEL DE CONTROL'!R1221 -> W40 SSRR - PROMOCION SAHNE NUSS 4,5KG (FICTICIO) | B714: SAHNE NUSS 4,5 KG SSRR
A715: ='[1]PANEL DE CONTROL'!R1222 -> W40 SSRR - PROMOCION SAHNE NUSS 4,5KG (CUPONES) | B715: SAHNE NUSS 4,5 KG SSRR
A716: ='[1]PANEL DE CONTROL'!R1223 -> W40 SSRR - PROMOCION SAHNE NUSS 4,5KG (AFICHE PVC) | B716: SAHNE NUSS 4,5 KG SSRR
A717: ='[1]PANEL DE CONTROL'!R1224 -> W40 ALVI - PEDESTALES HALLOWEEN (PEDESTAL) | B717: MCKAY HALLOWEEN
A718: ='[1]PANEL DE CONTROL'!R1225 -> W40 UNIMARC - PEDESTALES HALLOWEEN (PEDESTAL) | B718: MCKAY HALLOWEEN
A719: ='[1]PANEL DE CONTROL'!R1226 -> W41 JUMBO - BOTADERO HALLOWEEN (BOTADERO) | B719: MCKAY HALLOWEEN
A720: ='[1]PANEL DE CONTROL'!R1227 -> W41 SISA - BOTADERO HALLOWEEN (BOTADERO) | B720: MCKAY HALLOWEEN
... A724: ='[1]PANEL DE CONTROL'!R1231 -> W41 HIPER LIDER - PAYLOADER TUCCO (PAYLOADER) | B724: MAGGI TUCCO
A725: ='[1]PANEL DE CONTROL'!R1232 -> CAMPAÑA RETIRO - SAHNE NUSS JUMBO (ISLA)
A726: ='[1]PANEL DE CONTROL'!R1233 -> W47 HIPER LIDER - HOTSPOT ALTEZA (HOTSPOT) | B726: ALTEZA
A727: ='[1]PANEL DE CONTROL'!R1234 -> W41 HIPER LIDER - PAYLOADER SAHNE NUSS KIT KAT(PAYLOADER DUO) | B727: PAYLOADER SN KITKAT
...

Sheet Hoja1
G1: id | H1: nombre
G2: 1655 | H2: REGISTRO DE GESTIONES ADICIONALES ABL
G3: 2270 | H3: W50 HIPER LIDER - MILO (PAYLOADER)
G4: 2297 | H4: W02 MAYORISTA 10 - PAYLOADER TUCO (PAYLOADER AB)
G5: 2300 | H5: UNIMARC PAYLOADER AB
G6: 2304 | H6: W02 SSRR - TRITON LOLLAPALOOZA(PAYLOADER)
G7: 2307 | H7: W02 UNIMARC - NATURNES (PAYLOADER)
G8: 2309 | H8: W02 UNIMARC - PAYLOADER TUCO (PAYLOADER AB)
G9: 2321 | H9: W02 SUPER 10 - PAYLOADER TUCO (PAYLOADER AB)
G10: 2322 | H10: W02 JUMBO - TRITON LOLLAPALOOZA (HOTSPOT)
G11: 2323 | H11: W02 SISA - TRITON LOLLAPALOOZA (HOTSPOT)
G12: 2324 | H12: W02 TOTTUS - TRITON LOLLAPALOOZA (HOTSPOT)
G13: 2325 | H13: W02 WALMART - TRITON LOLLAPALOOZA (HOTSPOT)
... G41: 2398 | H41: W04 SISA - CREMA SIN LACTOSA (STOPPER SISA)
G42: 2399 | H42: W04 WALMART - STARBUCKS (PAYLOADER) | I42: W04 WALMART - STARBUCKS (PAYLOADER) | J42: =I42=H42 -> TRUE
G43: 2400 | H43: W04 WALMART - STARBUCKS (QR)
G44: 2401 | H44: W04 WALMART - LECHE SUR (PAYLOADER)
G45: 2402 | H45: W04 WALMART - LECHE SUR (QR)
G46: 2403 | H46: W04 SSRR - TRITON LOLLAPALOOZA (PAYLOADER)
G47: 2405 | H47: W04 SSRR - CAMPAÑA CORPORATIVA ENERO 2026
G48: 2415 | H48: W05 SISA - NATURNES (PAYLOADER)
G49: 2416 | H49: W05 SISA - NATURNES (QR)
G50: 2417 | H50: W05 SISA CAMPAÑA AUDITORIA - TRITONAZO (HOTSPOT) ENERO 2026
G51: 2435 | H51: W06 SSRR - DIA DE LOS ENAMORADOS (PAYLOADER)
G52: 2436 | H52: W06 SISA - DIA DE LOS ENAMORADOS (PAYLOADER)
G53: 2437 | H53: W06 JUMBO - DIA DE LOS ENAMORADOS (ISLA)
G54: 2438 | H54: W06 SSRR - DIA DE LOS ENAMORADOS (PAYLOADER)
... G178: 2846 | H178: W26 SPID - CUBRE REFRI SPID (CUBRE REFRI)
